agrarian_region_id,agrarian_region,pear,apple,peach,cherry,other_fresh_fruits
Entre Douro e Minho,1,40000,40000,30000,18333,16111.11111
Trás-os-Montes,2,40000,40000,30000,18333,16111.11111
Beira Litoral,3,40000,40000,30000,18333,16111.11111
Beira Interior,4,40000,40000,30000,18333,16111.11111
Ribatejo e Oeste,5,40000,40000,30000,18333,16111.11111
Alentejo,6,40000,40000,30000,18333,16111.11111
Algarve,7,40000,40000,30000,18333,16111.11111
