agrarian_region_id,agrarian_region,lemon,orange,other_citrus,tangerine,almonds,chestnut,locust,nuuts,other_dried_nuts,apple,cherry,other_fresh_fruits,peach,pear,olive_grove
Entre Douro e Minho,1,385,385,393,409,400,400,400,400,400,918,436,500,554,52,100
Trás-os-Montes,2,385,385,393,409,400,400,400,400,400,918,436,500,554,752,100
Beira Litoral,3,433,433,424.6666667,408,400,400,400,400,400,1068,379,500,705,980,100
Beira Interior,4,433,433,424.6666667,408,400,400,400,400,400,1068,379,500,705,980,100
Ribatejo e Oeste,5,471,471,506,576,400,400,400,400,400,974,353,500,743,901,100
Alentejo,6,403,407,406,408,400,400,400,400,400,1446,664,500,709,941,100
Algarve,7,48,451,321.6666667,466,400,400,400,400,400,606,710,500,660,744,100
